context,chr10,chr11,chr12,chr13,chr14,chr15,chr16,chr17,chr18,chr19,chr1,chr20,chr21,chr22,chr2,chr3,chr4,chr5,chr6,chr7,chr8,chr9,chrX,chrY
AAA,4971165,4956058,5135764,4063906,3453372,3140975,2721109,2751246,3146593,1767107,8516543,2155995,1541041,1188130,9416331,7897046,7960585,7241662,6839525,6174004,5664156,4616525,6138782,1007799
AAC,1938177,1993601,1977691,1497866,1331418,1241698,1123413,1164510,1254402,758082,3332435,908702,605695,521254,3559599,2989340,2908054,2748367,2566138,2357427,2169193,1800528,2396220,387745
AAG,2635729,2675746,2661043,1982506,1801098,1665281,1518942,1526559,1627964,977323,4581648,1224711,787766,701245,4859279,4045631,3885927,3679243,3464669,3142493,2930387,2421335,3128712,514482
AAT,3213378,3194583,3293184,2708650,2223245,1947706,1669912,1618882,2031727,976842,5470905,1335821,980611,682911,6141693,5173612,5341300,4769984,4474835,3979602,3708381,2941630,4015878,691503
ACA,2678089,2694701,2662190,2043793,1811476,1695792,1569856,1553740,1680341,1070889,4553751,1251030,832184,749787,4893627,4030962,3934996,3712722,3475138,3214607,2976704,2460103,3201493,557097
ACC,1564123,1575085,1546974,1036375,1035345,1010607,1040561,1076002,853753,811888,2725309,780852,447623,519884,2713998,2216301,2012050,1991663,1901715,1828848,1630708,1415239,1749503,299469
ACG,356171,342671,335869,240344,232791,227739,267851,286180,201055,228681,586276,191564,125079,148623,578594,454381,416904,423811,402242,418797,361801,320456,373447,62856
ACT,2129661,2188830,2162899,1604418,1459498,1362202,1256001,1298559,1313826,874193,3732934,1001475,633553,582671,3894571,3261152,3129985,2976127,2781753,2561044,2348614,1960840,2527616,433252
AGA,2956834,3022762,2995155,2182819,2011925,1875341,1765152,1785926,1823057,1252047,5150760,1403118,895605,835960,5353864,4464341,4262154,4108677,3823792,3554554,3246710,2705781,3487257,588911
AGC,1905781,1922977,1848830,1275626,1278944,1252907,1269181,1328163,1103886,953998,3317232,993109,563171,665282,3324050,2666163,2427361,2416044,2279487,2193159,1989968,1726921,2034322,336779
AGG,2401511,2450222,2348322,1547087,1593009,1567374,1633438,1699665,1339232,1296104,4260968,1255815,677401,847474,4160006,3350704,2991490,3014895,2860340,2763448,2481083,2183955,2558632,440914
AGT,2138882,2143856,2161398,1610424,1475069,1354311,1265436,1280008,1316477,862595,3719675,996767,638600,588367,3908159,3267576,3122541,2972110,2781493,2573382,2343218,1945370,2513605,423303
ATA,2577239,2660181,2731126,2323797,1860653,1593513,1295139,1259913,1722339,736375,4475100,1058650,832560,541987,5123234,4327885,4577129,4005938,3740764,3277086,3093321,2446249,3482068,565978
ATC,1757192,1794242,1776695,1332697,1203608,1118621,1038380,1027035,1074345,697737,3035996,815200,530068,481698,3216224,2663071,2600475,2441384,2291476,2113619,1962506,1613301,2129987,360819
ATG,2433144,2426068,2414883,1860863,1637160,1485359,1410219,1347510,1457945,871447,4110209,1127469,719565,624364,4465442,3687185,3622387,3392785,3171172,2888006,2703850,2210216,2950712,529913
ATT,3218805,3245135,3318063,2736424,2264784,1969233,1713709,1635579,2103711,1006979,5500468,1366919,1010116,702555,6182527,5193723,5367888,4803657,4490930,4018159,3722924,2967860,4066554,685338
CAA,2490142,2506256,2513595,1877457,1682116,1561183,1446512,1419870,1493970,955858,4288540,1131552,737155,645056,4569131,3829913,3698267,3489070,3271520,3004029,2761609,2276311,3065430,505602
CAC,2054793,2036193,1983914,1376743,1338345,1310212,1370283,1403599,1154534,1075602,3506405,1039118,615856,703544,3525774,2837142,2611187,2596429,2449734,2397469,2137649,1841838,2224865,409752
CAG,2793801,2801616,2689903,1821032,1847242,1816093,1899034,1967932,1593812,1497674,4852390,1464650,819512,1003603,4786374,3859694,3456386,3509347,3272449,3222098,2871252,2514211,2915208,516259
CAT,2423549,2459057,2414851,1877183,1651633,1519764,1403706,1347013,1519379,880588,4120946,1131512,749235,640853,4482218,3687126,3650677,3397881,3175600,2905091,2719664,2229372,2960335,519239
CCA,2486996,2486995,2412782,1614253,1639052,1592700,1675792,1694991,1328725,1292344,4330820,1266533,715972,851511,4297836,3476623,3137057,3131649,2964839,2873362,2567585,2241717,2718716,493846
CCC,1799633,1835159,1703582,1061124,1174157,1174023,1325853,1411178,930193,1166122,3193020,1005374,519822,740845,2997357,2339195,2007579,2109118,2003923,2016562,1770941,1638893,1808917,303399
CCG,379229,369821,357182,213618,243060,250428,335315,371149,192770,343032,669612,218627,124241,189083,591710,437626,386822,408867,402684,442135,355638,350587,333997,59471
CCT,2419916,2468866,2364148,1549870,1599414,1575265,1641796,1724306,1320719,1300972,4273302,1248272,683372,847664,4154410,3356344,2991565,3031597,2869457,2780597,2475658,2186408,2572440,443403
CGA,311224,296390,292037,191398,196672,200191,245231,257406,158241,213160,523798,161149,95946,125868,495083,383345,351065,356919,347647,361735,301328,271168,318613,55956
CGC,331378,315152,318085,191110,214843,221532,287340,324530,175055,304638,579316,190974,110506,165698,517032,382481,338715,358742,352703,385298,309875,306481,292616,47297
CGG,384477,389193,364426,222019,251299,256262,338369,380784,201058,348048,674618,227793,131673,197532,600010,450706,395025,415822,407720,453163,363475,362063,353019,60934
CGT,361899,332379,341420,237942,233067,228040,279951,285606,221660,239774,597422,193560,124172,145546,580544,456761,418624,435052,403119,422629,363522,316016,358461,61725
CTA,1667004,1730466,1720959,1309197,1167720,1070275,920926,944546,1048580,588732,2941433,746641,494063,416954,3144525,2642160,2581842,2397143,2258498,2021161,1891668,1552658,2072867,335512
CTC,2294602,2327743,2255859,1490829,1519078,1489873,1568906,1672089,1276654,1274813,4057534,1194479,666283,802104,3933579,3195052,2867660,2891490,2729519,2669372,2359835,2068690,2443443,431108
CTG,2761341,2808061,2653980,1792629,1822558,1785619,1872105,1935828,1519584,1453736,4811169,1422618,791025,971470,4750184,3815695,3435697,3460922,3256271,3165321,2839668,2494727,2905793,513588
CTT,2679487,2739907,2706074,2012785,1843497,1701471,1561613,1583094,1659497,1019485,4634644,1273244,806378,713297,4892402,4083610,3908801,3741544,3481001,3197957,2940802,2448643,3179043,528668
GAA,2652633,2700809,2653993,2030404,1809598,1681907,1506402,1568625,1725747,986161,4518460,1261962,828366,715485,4843524,4039346,3945542,3721367,3474715,3170083,2957468,2437767,3204572,555283
GAC,1279986,1296325,1246525,878797,852322,813685,836441,847141,743809,642214,2216474,643004,383329,423396,2238154,1819863,1679588,1660542,1558380,1492407,1354020,1158353,1419285,252795
GAG,2299989,2326289,2270380,1494013,1525195,1506254,1573847,1642808,1297351,1277382,4053693,1201186,667188,808474,3944289,3184482,2864303,2895278,2734438,2675677,2363251,2071814,2463098,420069
GAT,1766417,1824997,1800171,1348878,1224092,1111794,1082224,1068293,1090522,722824,3056974,840613,541663,497207,3243804,2681109,2612589,2470856,2310697,2139629,1964097,1626204,2171879,361377
GCA,1970109,1979499,1900855,1349307,1305089,1273120,1286630,1328180,1162736,943580,3361131,1013704,591034,660789,3432049,2765835,2562248,2530970,2371890,2286375,2079540,1774231,2175151,377684
GCC,1636839,1633366,1555580,967131,1067733,1077732,1229601,1296568,825714,1064499,2891387,889717,466603,670890,2706366,2138195,1834224,1916726,1816593,1864958,1592891,1480928,1601755,271332
GCG,332842,320448,316717,190025,215259,222203,291526,318693,184533,310373,583618,192856,109742,164927,520801,385779,340563,367706,357470,394329,312065,308275,290198,47393
GCT,1900077,1910926,1837967,1252657,1258944,1221921,1266418,1306367,1054781,945867,3309131,969200,538367,639215,3300818,2659504,2415291,2410352,2264892,2187784,1967618,1711447,2008064,337086
GGA,2138026,2181054,2077218,1416543,1417211,1379883,1409734,1508047,1277846,1094214,3684403,1125912,633807,735366,3668322,2961514,2702438,2692577,2542058,2457917,2219834,1924000,2353103,420893
GGC,1633111,1642746,1552973,960069,1059454,1077210,1226726,1296097,836750,1065305,2891408,891747,458964,664788,2703741,2138261,1834398,1918695,1817025,1852904,1595228,1479344,1605076,272549
GGG,1796161,1853857,1706910,1057671,1178203,1173793,1342046,1419746,928798,1174718,3187415,1006257,520393,742239,2991994,2357034,2013651,2113613,2012173,2019246,1774269,1638975,1836092,303512
GGT,1550914,1570798,1526938,1042254,1049206,1006137,1045642,1070574,865188,812178,2728078,792537,449511,523603,2725676,2216810,2020839,2000708,1892238,1803380,1626683,1417043,1744219,305284
GTA,1469178,1488038,1523302,1181673,1036577,926695,829458,820014,931880,535125,2566721,648503,440653,362692,2767750,2338910,2300660,2132110,1998057,1798327,1665280,1360476,1840326,303227
GTC,1274690,1258765,1237591,871379,847706,803878,828820,825753,722559,628811,2202280,641998,377390,412954,2243312,1807639,1674456,1646549,1550525,1474590,1345165,1146453,1390431,252778
GTG,2079511,2057195,2017407,1400671,1373432,1332440,1415782,1415628,1193202,1105745,3530308,1073219,632749,723469,3555265,2872733,2630987,2646601,2461387,2425192,2143275,1862280,2224678,405192
GTT,1939459,1936677,1958131,1492118,1339001,1217245,1128673,1118941,1220202,752132,3329970,902012,586607,500676,3565015,2977237,2899239,2755003,2550783,2336049,2143097,1773059,2369800,400423
TAA,2644506,2656864,2764331,2281160,1864048,1611593,1359357,1321456,1694373,770229,4577976,1075720,808551,544868,5147915,4339323,4491471,3987159,3759408,3305411,3088882,2449416,3270805,532846
TAC,1455089,1475168,1499801,1171524,1017025,930745,804133,799228,896228,509753,2542958,634098,433556,352771,2757264,2316453,2295105,2098986,1986597,1775993,1656965,1355921,1811693,302379
TAG,1673486,1736164,1732376,1318399,1185405,1062302,941383,956458,1063514,612364,2960898,758242,500305,423754,3156134,2658975,2596929,2427849,2273553,2044274,1896087,1554667,2086790,339093
TAT,2583034,2646989,2732557,2319068,1867232,1587463,1301605,1235847,1716708,732283,4472951,1060293,820798,529630,5119713,4330015,4563311,4005043,3733210,3272545,3090459,2440420,3481227,569929
TCA,2627092,2641927,2626438,1945061,1763718,1645639,1587257,1561503,1589895,1102909,4522569,1235564,782568,730966,4739981,3940456,3782217,3617384,3357437,3154342,2866345,2385680,3070480,522232
TCC,2085178,2117231,2031557,1374236,1378447,1330054,1382741,1417872,1162744,1059961,3657040,1062864,609358,697484,3623593,2916095,2669170,2663724,2518672,2402288,2175282,1882544,2273893,425916
TCG,320735,300174,306200,198482,204771,205655,256199,272305,177655,223534,535651,170430,103237,132013,501563,395507,359140,366150,348793,367564,308696,276410,325067,56192
TCT,2952781,3037555,2971857,2198494,2034999,1887849,1759333,1806326,1814990,1215733,5129424,1418033,902456,834278,5370890,4459517,4257160,4073023,3809186,3524383,3240084,2706023,3493023,595131
TGA,2592945,2648218,2606665,1961341,1785407,1658223,1578794,1575489,1598290,1069161,4486632,1256597,795176,747362,4752502,3915605,3786364,3589882,3364732,3103592,2870965,2393176,3099865,523758
TGC,1969598,1963363,1891233,1332314,1293784,1243328,1290928,1301019,1112082,940378,3357313,989652,573105,640053,3415212,2762407,2551852,2532272,2361630,2302084,2057043,1762138,2143154,376870
TGG,2536065,2555184,2444380,1649757,1681561,1639594,1710296,1794269,1439494,1327545,4368306,1326590,733206,878748,4337725,3515174,3171161,3181262,2983263,2897590,2597187,2274367,2790749,496881
TGT,2711139,2693643,2706674,2055222,1839374,1691770,1611704,1544148,1664521,1107265,4584113,1282865,825116,742273,4916964,4055372,3943338,3772392,3483901,3234766,2963394,2463842,3208953,571309
TTA,2642694,2636499,2753677,2275486,1868761,1601620,1360955,1288517,1668022,764397,4571528,1074557,795935,529392,5145518,4335812,4487185,3983845,3755447,3301649,3082124,2441040,3255256,539534
TTC,2659306,2716138,2665907,2021368,1811545,1656833,1549427,1533137,1671728,1000778,4548877,1235220,823902,698001,4842914,4045812,3925099,3740856,3462570,3191000,2922902,2422227,3198607,554773
TTG,2535754,2569084,2562685,1944472,1766974,1629497,1493613,1515960,1643656,1013421,4344678,1232393,783263,689132,4651511,3872943,3763645,3575501,3304698,3059516,2801796,2326298,3161533,520123
TTT,5038109,4967748,5195879,4116324,3548880,3171637,2787175,2781703,3268887,1833038,8583142,2253241,1565770,1199966,9508514,7973816,7980275,7339664,6869921,6278035,5682429,4649550,6245590,1029163
